workers,ours_s,scaffolding_s
1,0.97462,0.9958
2,0.50937,0.5011
4,0.26216,0.2493
8,0.14882,0.142
16,0.11627,0.1195
